adm3_psgc,adm2_psgc,adm1_psgc,adm3_en,geo_level
1400101000,1400100000,1400000000,Bangued,Mun
1400102000,1400100000,1400000000,Boliney,Mun
1400103000,1400100000,1400000000,Bucay,Mun
1400104000,1400100000,1400000000,Bucloc,Mun
1400105000,1400100000,1400000000,Daguioman,Mun
1400106000,1400100000,1400000000,Danglas,Mun
1400107000,1400100000,1400000000,Dolores,Mun
1400108000,1400100000,1400000000,La Paz,Mun
1400109000,1400100000,1400000000,Lacub,Mun
1400110000,1400100000,1400000000,Lagangilang,Mun
1400111000,1400100000,1400000000,Lagayan,Mun
1400112000,1400100000,1400000000,Langiden,Mun
1400113000,1400100000,1400000000,Licuan-Baay,Mun
1400114000,1400100000,1400000000,Luba,Mun
1400115000,1400100000,1400000000,Malibcong,Mun
1400116000,1400100000,1400000000,Manabo,Mun
1400117000,1400100000,1400000000,Pe?rrubia,Mun
1400118000,1400100000,1400000000,Pidigan,Mun
1400119000,1400100000,1400000000,Pilar,Mun
1400120000,1400100000,1400000000,Sallapadan,Mun
1400121000,1400100000,1400000000,San Isidro,Mun
1400122000,1400100000,1400000000,San Juan,Mun
1400123000,1400100000,1400000000,San Quintin,Mun
1400124000,1400100000,1400000000,Tayum,Mun
1400126000,1400100000,1400000000,Tubo,Mun
1400127000,1400100000,1400000000,Villaviciosa,Mun
1600201000,1600200000,1600000000,Buenavista,Mun
1600204000,1600200000,1600000000,Carmen,Mun
1630400000,1630400000,1600000000,City of Butuan,City
1600205000,1600200000,1600000000,Jabonga,Mun
1600206000,1600200000,1600000000,Kitcharao,Mun
1600207000,1600200000,1600000000,Las Nieves,Mun
1600208000,1600200000,1600000000,Magallanes,Mun
1600209000,1600200000,1600000000,Nasipit,Mun
1600212000,1600200000,1600000000,Remedios T. Romualdez,Mun
1600210000,1600200000,1600000000,Santiago,Mun
1600211000,1600200000,1600000000,Tubay,Mun
1600302000,1600300000,1600000000,Bunawan,Mun
1600303000,1600300000,1600000000,Esperanza,Mun
1600304000,1600300000,1600000000,La Paz,Mun
1600306000,1600300000,1600000000,Prosperidad,Mun
1600307000,1600300000,1600000000,Rosario,Mun
1600308000,1600300000,1600000000,San Francisco,Mun
1600309000,1600300000,1600000000,San Luis,Mun
1600310000,1600300000,1600000000,Santa Josefa,Mun
1600314000,1600300000,1600000000,Sibagat,Mun
1600311000,1600300000,1600000000,Talacogon,Mun
1600312000,1600300000,1600000000,Trento,Mun
1600313000,1600300000,1600000000,Veruela,Mun
600401000,600400000,600000000,Altavas,Mun
600402000,600400000,600000000,Balete,Mun
600404000,600400000,600000000,Batan,Mun
600405000,600400000,600000000,Buruanga,Mun
600406000,600400000,600000000,Ibajay,Mun
600407000,600400000,600000000,Kalibo,Mun
600409000,600400000,600000000,Libacao,Mun
600410000,600400000,600000000,Madalag,Mun
600411000,600400000,600000000,Makato,Mun
600412000,600400000,600000000,Malay,Mun
600414000,600400000,600000000,Nabas,Mun
600415000,600400000,600000000,New Washington,Mun
600416000,600400000,600000000,Numancia,Mun
600417000,600400000,600000000,Tangalan,Mun
500501000,500500000,500000000,Bacacay,Mun
500502000,500500000,500000000,Camalig,Mun
500506000,500500000,500000000,City of Legazpi,City
500508000,500500000,500000000,City of Ligao,City
500517000,500500000,500000000,City of Tabaco,City
500503000,500500000,500000000,Daraga,Mun
500504000,500500000,500000000,Guinobatan,Mun
500505000,500500000,500000000,Jovellar,Mun
500507000,500500000,500000000,Libon,Mun
500509000,500500000,500000000,Malilipot,Mun
500510000,500500000,500000000,Malinao,Mun
500511000,500500000,500000000,Manito,Mun
500512000,500500000,500000000,Oas,Mun
500513000,500500000,500000000,Pio Duran,Mun
500514000,500500000,500000000,Polangui,Mun
500515000,500500000,500000000,Rapu-Rapu,Mun
500516000,500500000,500000000,Santo Domingo,Mun
500518000,500500000,500000000,Tiwi,Mun
600601000,600600000,600000000,Anini-Y,Mun
600602000,600600000,600000000,Barbaza,Mun
600603000,600600000,600000000,Belison,Mun
600604000,600600000,600000000,Bugasong,Mun
600605000,600600000,600000000,Caluya,Mun
600606000,600600000,600000000,Culasi,Mun
600608000,600600000,600000000,Hamtic,Mun
600609000,600600000,600000000,Laua-An,Mun
600610000,600600000,600000000,Libertad,Mun
600611000,600600000,600000000,Pandan,Mun
600612000,600600000,600000000,Patnongon,Mun
600613000,600600000,600000000,San Jose,Mun
600614000,600600000,600000000,San Remigio,Mun
600615000,600600000,600000000,Sebaste,Mun
600616000,600600000,600000000,Sibalom,Mun
600617000,600600000,600000000,Tibiao,Mun
600607000,600600000,600000000,Tobias Fornier,Mun
600618000,600600000,600000000,Valderrama,Mun
1408102000,1408100000,1400000000,Conner,Mun
1408103000,1408100000,1400000000,Flora,Mun
1408105000,1408100000,1400000000,Luna,Mun
1408106000,1408100000,1400000000,Pudtol,Mun
1408107000,1408100000,1400000000,Santa Marcela,Mun
307702000,307700000,300000000,Casiguran,Mun
307703000,307700000,300000000,Dilasag,Mun
307704000,307700000,300000000,Dinalungan,Mun
307706000,307700000,300000000,Dipaculao,Mun
307707000,307700000,300000000,Maria Aurora,Mun
307708000,307700000,300000000,San Luis,Mun
1900709000,1900700000,1900000000,Al-Barka,Mun
1900710000,1900700000,1900000000,Hadji Mohammad Ajul,Mun
1900704000,1900700000,1900000000,Maluso,Mun
1900705000,1900700000,1900000000,Sumisip,Mun
1900706000,1900700000,1900000000,Tipo-Tipo,Mun
1900707000,1900700000,1900000000,Tuburan,Mun
300801000,300800000,300000000,Abucay,Mun
300802000,300800000,300000000,Bagac,Mun
300803000,300800000,300000000,City of Balanga,City
300804000,300800000,300000000,Dinalupihan,Mun
300805000,300800000,300000000,Hermosa,Mun
300806000,300800000,300000000,Limay,Mun
300807000,300800000,300000000,Mariveles,Mun
300808000,300800000,300000000,Morong,Mun
300809000,300800000,300000000,Orani,Mun
300810000,300800000,300000000,Orion,Mun
300811000,300800000,300000000,Pilar,Mun
300812000,300800000,300000000,Samal,Mun
200901000,200900000,200000000,Basco,Mun
200902000,200900000,200000000,Itbayat,Mun
200903000,200900000,200000000,Ivana,Mun
200904000,200900000,200000000,Mahatao,Mun
200905000,200900000,200000000,Sabtang,Mun
200906000,200900000,200000000,Uyugan,Mun
401001000,401000000,400000000,Agoncillo,Mun
401002000,401000000,400000000,Alitagtag,Mun
401003000,401000000,400000000,Balayan,Mun
401004000,401000000,400000000,Balete,Mun
401005000,401000000,400000000,Batangas City,City
401006000,401000000,400000000,Bauan,Mun
401008000,401000000,400000000,Calatagan,Mun
401014000,401000000,400000000,City of Lipa,City
401028000,401000000,400000000,City of Sto. Tomas,City
401031000,401000000,400000000,City of Tanauan,City
401009000,401000000,400000000,Cuenca,Mun
401010000,401000000,400000000,Ibaan,Mun
401011000,401000000,400000000,Laurel,Mun
401012000,401000000,400000000,Lemery,Mun
401013000,401000000,400000000,Lian,Mun
401015000,401000000,400000000,Lobo,Mun
401016000,401000000,400000000,Mabini,Mun
401017000,401000000,400000000,Malvar,Mun
401018000,401000000,400000000,Mataasnakahoy,Mun
401019000,401000000,400000000,Nasugbu,Mun
401020000,401000000,400000000,Padre Garcia,Mun
401021000,401000000,400000000,Rosario,Mun
401022000,401000000,400000000,San Jose,Mun
401023000,401000000,400000000,San Juan,Mun
401024000,401000000,400000000,San Luis,Mun
401025000,401000000,400000000,San Nicolas,Mun
401026000,401000000,400000000,San Pascual,Mun
401027000,401000000,400000000,Santa Teresita,Mun
401029000,401000000,400000000,Taal,Mun
401030000,401000000,400000000,Talisay,Mun
401032000,401000000,400000000,Taysan,Mun
401033000,401000000,400000000,Tingloy,Mun
401034000,401000000,400000000,Tuy,Mun
1401101000,1401100000,1400000000,Atok,Mun
1401103000,1401100000,1400000000,Bakun,Mun
1401104000,1401100000,1400000000,Bokod,Mun
1401105000,1401100000,1400000000,Buguias,Mun
1430300000,1430300000,1400000000,City of Baguio,City
1401106000,1401100000,1400000000,Itogon,Mun
1401107000,1401100000,1400000000,Kabayan,Mun
1401108000,1401100000,1400000000,Kapangan,Mun
1401109000,1401100000,1400000000,Kibungan,Mun
1401110000,1401100000,1400000000,La Trinidad,Mun
1401111000,1401100000,1400000000,Mankayan,Mun
1401112000,1401100000,1400000000,Sablan,Mun
1401113000,1401100000,1400000000,Tuba,Mun
1401114000,1401100000,1400000000,Tublay,Mun
807801000,807800000,800000000,Almeria,Mun
807802000,807800000,800000000,Biliran,Mun
807803000,807800000,800000000,Cabucgayan,Mun
807804000,807800000,800000000,Caibiran,Mun
807805000,807800000,800000000,Culaba,Mun
807806000,807800000,800000000,Kawayan,Mun
807807000,807800000,800000000,Maripipi,Mun
807808000,807800000,800000000,Naval,Mun
701201000,701200000,700000000,Alburquerque,Mun
701202000,701200000,700000000,Alicia,Mun
701203000,701200000,700000000,Anda,Mun
701204000,701200000,700000000,Antequera,Mun
701205000,701200000,700000000,Baclayon,Mun
701206000,701200000,700000000,Balilihan,Mun
701207000,701200000,700000000,Batuan,Mun
701248000,701200000,700000000,Bien Unido,Mun
701208000,701200000,700000000,Bilar,Mun
701209000,701200000,700000000,Buenavista,Mun
701210000,701200000,700000000,Calape,Mun
701211000,701200000,700000000,Candijay,Mun
701212000,701200000,700000000,Carmen,Mun
701213000,701200000,700000000,Catigbian,Mun
701242000,701200000,700000000,City of Tagbilaran,City
701214000,701200000,700000000,Clarin,Mun
701215000,701200000,700000000,Corella,Mun
701216000,701200000,700000000,Cortes,Mun
701217000,701200000,700000000,Dagohoy,Mun
701218000,701200000,700000000,Danao,Mun
701219000,701200000,700000000,Dauis,Mun
701220000,701200000,700000000,Dimiao,Mun
701221000,701200000,700000000,Duero,Mun
701222000,701200000,700000000,Garcia Hernandez,Mun
701226000,701200000,700000000,Getafe,Mun
701223000,701200000,700000000,Guindulman,Mun
701224000,701200000,700000000,Inabanga,Mun
701225000,701200000,700000000,Jagna,Mun
701227000,701200000,700000000,Lila,Mun
701228000,701200000,700000000,Loay,Mun
701229000,701200000,700000000,Loboc,Mun
701230000,701200000,700000000,Loon,Mun
701231000,701200000,700000000,Mabini,Mun
701232000,701200000,700000000,Maribojoc,Mun
701233000,701200000,700000000,Panglao,Mun
701234000,701200000,700000000,Pilar,Mun
701235000,701200000,700000000,President Carlos P. Garcia,Mun
701236000,701200000,700000000,Sagbayan,Mun
701237000,701200000,700000000,San Isidro,Mun
701238000,701200000,700000000,San Miguel,Mun
701239000,701200000,700000000,Sevilla,Mun
701240000,701200000,700000000,Sierra Bullones,Mun
701241000,701200000,700000000,Sikatuna,Mun
701243000,701200000,700000000,Talibon,Mun
701245000,701200000,700000000,Tubigon,Mun
701246000,701200000,700000000,Ubay,Mun
701247000,701200000,700000000,Valencia,Mun
1001301000,1001300000,1000000000,Baungon,Mun
1001322000,1001300000,1000000000,Cabanglasan,Mun
1001312000,1001300000,1000000000,City of Malaybalay,City
1001321000,1001300000,1000000000,City of Valencia,City
1001302000,1001300000,1000000000,Damulog,Mun
1001303000,1001300000,1000000000,Dangcagan,Mun
1001304000,1001300000,1000000000,Don Carlos,Mun
1001305000,1001300000,1000000000,Impasug-ong,Mun
1001306000,1001300000,1000000000,Kadingilan,Mun
1001307000,1001300000,1000000000,Kalilangan,Mun
1001308000,1001300000,1000000000,Kibawe,Mun
1001309000,1001300000,1000000000,Kitaotao,Mun
1001310000,1001300000,1000000000,Lantapan,Mun
1001311000,1001300000,1000000000,Libona,Mun
1001313000,1001300000,1000000000,Malitbog,Mun
1001314000,1001300000,1000000000,Manolo Fortich,Mun
1001315000,1001300000,1000000000,Maramag,Mun
1001316000,1001300000,1000000000,Pangantucan,Mun
1001317000,1001300000,1000000000,Quezon,Mun
1001318000,1001300000,1000000000,San Fernando,Mun
1001319000,1001300000,1000000000,Sumilao,Mun
1001320000,1001300000,1000000000,Talakag,Mun
301401000,301400000,300000000,Angat,Mun
301402000,301400000,300000000,Balagtas,Mun
301404000,301400000,300000000,Bocaue,Mun
301405000,301400000,300000000,Bulacan,Mun
301406000,301400000,300000000,Bustos,Mun
301407000,301400000,300000000,Calumpit,Mun
301410000,301400000,300000000,City of Malolos,City
301420000,301400000,300000000,City of San Jose Del Monte,City
301424000,301400000,300000000,Do? Remedios Trinidad,Mun
301408000,301400000,300000000,Guiguinto,Mun
301411000,301400000,300000000,Marilao,Mun
301414000,301400000,300000000,Obando,Mun
301415000,301400000,300000000,Pandi,Mun
301416000,301400000,300000000,Paombong,Mun
301417000,301400000,300000000,Plaridel,Mun
301418000,301400000,300000000,Pulilan,Mun
301419000,301400000,300000000,San Ildefonso,Mun
301421000,301400000,300000000,San Miguel,Mun
301422000,301400000,300000000,San Rafael,Mun
301423000,301400000,300000000,Santa Maria,Mun
201501000,201500000,200000000,Abulug,Mun
201502000,201500000,200000000,Alcala,Mun
201503000,201500000,200000000,Allacapan,Mun
201504000,201500000,200000000,Amulung,Mun
201505000,201500000,200000000,Aparri,Mun
201506000,201500000,200000000,Baggao,Mun
201507000,201500000,200000000,Ballesteros,Mun
201508000,201500000,200000000,Buguey,Mun
201510000,201500000,200000000,Camalaniugan,Mun
201511000,201500000,200000000,Claveria,Mun
201512000,201500000,200000000,Enrile,Mun
201513000,201500000,200000000,Gattaran,Mun
201514000,201500000,200000000,Gonzaga,Mun
201515000,201500000,200000000,Iguig,Mun
201516000,201500000,200000000,Lal-Lo,Mun
201517000,201500000,200000000,Lasam,Mun
201518000,201500000,200000000,Pamplona,Mun
201519000,201500000,200000000,Pe?blanca,Mun
201520000,201500000,200000000,Piat,Mun
201521000,201500000,200000000,Rizal,Mun
201522000,201500000,200000000,Sanchez-Mira,Mun
201523000,201500000,200000000,Santa Ana,Mun
201524000,201500000,200000000,Santa Praxedes,Mun
201525000,201500000,200000000,Santa Teresita,Mun
201526000,201500000,200000000,Santo Ni?,Mun
201527000,201500000,200000000,Solana,Mun
201528000,201500000,200000000,Tuao,Mun
201529000,201500000,200000000,Tuguegarao City,City
501601000,501600000,500000000,Basud,Mun
501602000,501600000,500000000,Capalonga,Mun
501603000,501600000,500000000,Daet,Mun
501605000,501600000,500000000,Jose Panganiban,Mun
501606000,501600000,500000000,Labo,Mun
501607000,501600000,500000000,Mercedes,Mun
501608000,501600000,500000000,Paracale,Mun
501604000,501600000,500000000,San Lorenzo Ruiz,Mun
501609000,501600000,500000000,San Vicente,Mun
501610000,501600000,500000000,Santa Elena,Mun
501611000,501600000,500000000,Talisay,Mun
501612000,501600000,500000000,Vinzons,Mun
501701000,501700000,500000000,Baao,Mun
501702000,501700000,500000000,Balatan,Mun
501703000,501700000,500000000,Bato,Mun
501704000,501700000,500000000,Bombon,Mun
501705000,501700000,500000000,Buhi,Mun
501706000,501700000,500000000,Bula,Mun
501707000,501700000,500000000,Cabusao,Mun
501708000,501700000,500000000,Calabanga,Mun
501709000,501700000,500000000,Camaligan,Mun
501710000,501700000,500000000,Canaman,Mun
501711000,501700000,500000000,Caramoan,Mun
501716000,501700000,500000000,City of Iriga,City
501724000,501700000,500000000,City of Naga,City
501712000,501700000,500000000,Del Gallego,Mun
501713000,501700000,500000000,Gainza,Mun
501714000,501700000,500000000,Garchitorena,Mun
501715000,501700000,500000000,Goa,Mun
501717000,501700000,500000000,Lagonoy,Mun
501718000,501700000,500000000,Libmanan,Mun
501719000,501700000,500000000,Lupi,Mun
501720000,501700000,500000000,Magarao,Mun
501721000,501700000,500000000,Milaor,Mun
501722000,501700000,500000000,Minalabac,Mun
501723000,501700000,500000000,Nabua,Mun
501725000,501700000,500000000,Ocampo,Mun
501726000,501700000,500000000,Pamplona,Mun
501727000,501700000,500000000,Pasacao,Mun
501728000,501700000,500000000,Pili,Mun
501729000,501700000,500000000,Presentacion,Mun
501730000,501700000,500000000,Ragay,Mun
501731000,501700000,500000000,Sag?y,Mun
501732000,501700000,500000000,San Fernando,Mun
501733000,501700000,500000000,San Jose,Mun
501734000,501700000,500000000,Sipocot,Mun
501735000,501700000,500000000,Siruma,Mun
501736000,501700000,500000000,Tigaon,Mun
501737000,501700000,500000000,Tinambac,Mun
1001801000,1001800000,1000000000,Catarman,Mun
1001802000,1001800000,1000000000,Guinsiliban,Mun
1001803000,1001800000,1000000000,Mahinog,Mun
1001804000,1001800000,1000000000,Mambajao,Mun
1001805000,1001800000,1000000000,Sagay,Mun
601914000,601900000,600000000,City of Roxas,City
601901000,601900000,600000000,Cuartero,Mun
601902000,601900000,600000000,Dao,Mun
601903000,601900000,600000000,Dumalag,Mun
601904000,601900000,600000000,Dumarao,Mun
601905000,601900000,600000000,Ivisan,Mun
601906000,601900000,600000000,Jamindan,Mun
601907000,601900000,600000000,Ma-Ayon,Mun
601908000,601900000,600000000,Mambusao,Mun
601909000,601900000,600000000,Panay,Mun
601910000,601900000,600000000,Panitan,Mun
601911000,601900000,600000000,Pilar,Mun
601912000,601900000,600000000,Pontevedra,Mun
601913000,601900000,600000000,President Roxas,Mun
601915000,601900000,600000000,Sapi-An,Mun
601916000,601900000,600000000,Sigma,Mun
601917000,601900000,600000000,Tapaz,Mun
502001000,502000000,500000000,Bagamanoc,Mun
502002000,502000000,500000000,Baras,Mun
502003000,502000000,500000000,Bato,Mun
502004000,502000000,500000000,Caramoran,Mun
502005000,502000000,500000000,Gigmoto,Mun
502006000,502000000,500000000,Pandan,Mun
502007000,502000000,500000000,Panganiban,Mun
502008000,502000000,500000000,San Andres,Mun
502009000,502000000,500000000,San Miguel,Mun
502010000,502000000,500000000,Viga,Mun
502011000,502000000,500000000,Virac,Mun
402102000,402100000,400000000,Amadeo,Mun
402105000,402100000,400000000,City of Cavite,City
402119000,402100000,400000000,City of Tagaytay,City
402122000,402100000,400000000,City of Trece Martires,City
402123000,402100000,400000000,Gen. Mariano Alvarez,Mun
402107000,402100000,400000000,General Emilio Aguinaldo,Mun
402111000,402100000,400000000,Kawit,Mun
402112000,402100000,400000000,Magallanes,Mun
402113000,402100000,400000000,Maragondon,Mun
402114000,402100000,400000000,Mendez,Mun
402115000,402100000,400000000,Naic,Mun
402116000,402100000,400000000,Noveleta,Mun
402117000,402100000,400000000,Rosario,Mun
402118000,402100000,400000000,Silang,Mun
402120000,402100000,400000000,Tanza,Mun
402121000,402100000,400000000,Ternate,Mun
702201000,702200000,700000000,Alcantara,Mun
702202000,702200000,700000000,Alcoy,Mun
702203000,702200000,700000000,Alegria,Mun
702204000,702200000,700000000,Aloguinsan,Mun
702205000,702200000,700000000,Argao,Mun
702206000,702200000,700000000,Asturias,Mun
702207000,702200000,700000000,Badian,Mun
702208000,702200000,700000000,Balamban,Mun
702209000,702200000,700000000,Bantayan,Mun
702210000,702200000,700000000,Barili,Mun
702212000,702200000,700000000,Boljoon,Mun
702213000,702200000,700000000,Borbon,Mun
702215000,702200000,700000000,Carmen,Mun
702216000,702200000,700000000,Catmon,Mun
730600000,730600000,700000000,City of Cebu,City
731100000,731100000,700000000,City of Lapu-Lapu,City
731300000,731300000,700000000,City of Mandaue,City
702250000,702200000,700000000,City of Talisay,City
702251000,702200000,700000000,City of Toledo,City
702218000,702200000,700000000,Compostela,Mun
702219000,702200000,700000000,Consolacion,Mun
702220000,702200000,700000000,Cordova,Mun
702221000,702200000,700000000,Daanbantayan,Mun
702222000,702200000,700000000,Dalaguete,Mun
702223000,702200000,700000000,Danao City,City
702224000,702200000,700000000,Dumanjug,Mun
702225000,702200000,700000000,Ginatilan,Mun
702227000,702200000,700000000,Liloan,Mun
702228000,702200000,700000000,Madridejos,Mun
702229000,702200000,700000000,Malabuyoc,Mun
702231000,702200000,700000000,Medellin,Mun
702232000,702200000,700000000,Minglanilla,Mun
702233000,702200000,700000000,Moalboal,Mun
702235000,702200000,700000000,Oslob,Mun
702236000,702200000,700000000,Pilar,Mun
702237000,702200000,700000000,Pinamungajan,Mun
702238000,702200000,700000000,Poro,Mun
702239000,702200000,700000000,Ronda,Mun
702240000,702200000,700000000,Samboan,Mun
702241000,702200000,700000000,San Fernando,Mun
702242000,702200000,700000000,San Francisco,Mun
702243000,702200000,700000000,San Remigio,Mun
702244000,702200000,700000000,Santa Fe,Mun
702245000,702200000,700000000,Santander,Mun
702246000,702200000,700000000,Sibonga,Mun
702247000,702200000,700000000,Sogod,Mun
702248000,702200000,700000000,Tabogon,Mun
702249000,702200000,700000000,Tabuelan,Mun
702252000,702200000,700000000,Tuburan,Mun
702253000,702200000,700000000,Tudela,Mun
1108201000,1108200000,1100000000,Compostela,Mun
1108202000,1108200000,1100000000,Laak,Mun
1108203000,1108200000,1100000000,Mabini,Mun
1108204000,1108200000,1100000000,Maco,Mun
1108205000,1108200000,1100000000,Maragusan,Mun
1108206000,1108200000,1100000000,Mawab,Mun
1108207000,1108200000,1100000000,Monkayo,Mun
1108208000,1108200000,1100000000,Montevista,Mun
1108209000,1108200000,1100000000,Nabunturan,Mun
1108210000,1108200000,1100000000,New Bataan,Mun
1108211000,1108200000,1100000000,Pantukan,Mun
1102301000,1102300000,1100000000,Asuncion,Mun
1102323000,1102300000,1100000000,Braulio E. Dujali,Mun
1102303000,1102300000,1100000000,Carmen,Mun
1102315000,1102300000,1100000000,City of Panabo,City
1102319000,1102300000,1100000000,City of Tagum,City
1102317000,1102300000,1100000000,Island Garden City of Samal,City
1102305000,1102300000,1100000000,Kapalong,Mun
1102314000,1102300000,1100000000,New Corella,Mun
1102324000,1102300000,1100000000,San Isidro,Mun
1102318000,1102300000,1100000000,Santo Tomas,Mun
1102322000,1102300000,1100000000,Talaingod,Mun
1102401000,1102400000,1100000000,Bansalan,Mun
1130700000,1130700000,1100000000,City of Davao,City
1102403000,1102400000,1100000000,City of Digos,City
1102404000,1102400000,1100000000,Hagonoy,Mun
1102406000,1102400000,1100000000,Kiblawan,Mun
1102407000,1102400000,1100000000,Magsaysay,Mun
1102408000,1102400000,1100000000,Malalag,Mun
1102410000,1102400000,1100000000,Matanao,Mun
1102411000,1102400000,1100000000,Padada,Mun
1102412000,1102400000,1100000000,Santa Cruz,Mun
1102414000,1102400000,1100000000,Sulop,Mun
1108601000,1108600000,1100000000,Don Marcelino,Mun
1108602000,1108600000,1100000000,Jose Abad Santos,Mun
1108603000,1108600000,1100000000,Malita,Mun
1108604000,1108600000,1100000000,Santa Maria,Mun
1108605000,1108600000,1100000000,Sarangani,Mun
1102501000,1102500000,1100000000,Baganga,Mun
1102502000,1102500000,1100000000,Banaybanay,Mun
1102503000,1102500000,1100000000,Boston,Mun
1102505000,1102500000,1100000000,Cateel,Mun
1102508000,1102500000,1100000000,Manay,Mun
1102510000,1102500000,1100000000,San Isidro,Mun
1102511000,1102500000,1100000000,Tarragona,Mun
1608501000,1608500000,1600000000,Basilisa,Mun
1608502000,1608500000,1600000000,Cagdianao,Mun
1608503000,1608500000,1600000000,Dinagat,Mun
1608504000,1608500000,1600000000,Libjo,Mun
1608505000,1608500000,1600000000,Loreto,Mun
1608506000,1608500000,1600000000,San Jose,Mun
1608507000,1608500000,1600000000,Tubajon,Mun
802601000,802600000,800000000,Arteche,Mun
802602000,802600000,800000000,Balangiga,Mun
802603000,802600000,800000000,Balangkayan,Mun
802605000,802600000,800000000,Can-Avid,Mun
802606000,802600000,800000000,Dolores,Mun
802607000,802600000,800000000,General Macarthur,Mun
802608000,802600000,800000000,Giporlos,Mun
802609000,802600000,800000000,Guiuan,Mun
802610000,802600000,800000000,Hernani,Mun
802611000,802600000,800000000,Jipapad,Mun
802612000,802600000,800000000,Lawaan,Mun
802613000,802600000,800000000,Llorente,Mun
802615000,802600000,800000000,Maydolong,Mun
802616000,802600000,800000000,Mercedes,Mun
802617000,802600000,800000000,Oras,Mun
802618000,802600000,800000000,Quinapondan,Mun
802619000,802600000,800000000,Salcedo,Mun
802620000,802600000,800000000,San Julian,Mun
802621000,802600000,800000000,San Policarpo,Mun
802622000,802600000,800000000,Sulat,Mun
802623000,802600000,800000000,Taft,Mun
607901000,607900000,600000000,Buenavista,Mun
607902000,607900000,600000000,Jordan,Mun
607903000,607900000,600000000,Nueva Valencia,Mun
607905000,607900000,600000000,Sibunag,Mun
1402708000,1402700000,1400000000,Aguinaldo,Mun
1402707000,1402700000,1400000000,Alfonso Lista,Mun
1402711000,1402700000,1400000000,Asipulo,Mun
1402701000,1402700000,1400000000,Banaue,Mun
1402709000,1402700000,1400000000,Hingyon,Mun
1402702000,1402700000,1400000000,Hungduan,Mun
1402703000,1402700000,1400000000,Kiangan,Mun
1402704000,1402700000,1400000000,Lagawe,Mun
1402705000,1402700000,1400000000,Lamut,Mun
1402706000,1402700000,1400000000,Mayoyao,Mun
1402710000,1402700000,1400000000,Tinoc,Mun
102801000,102800000,100000000,Adams,Mun
102802000,102800000,100000000,Bacarra,Mun
102803000,102800000,100000000,Badoc,Mun
102804000,102800000,100000000,Bangui,Mun
102811000,102800000,100000000,Banna,Mun
102806000,102800000,100000000,Burgos,Mun
102807000,102800000,100000000,Carasi,Mun
102812000,102800000,100000000,City of Laoag,City
102808000,102800000,100000000,Currimao,Mun
102809000,102800000,100000000,Dingras,Mun
102810000,102800000,100000000,Dumalneg,Mun
102813000,102800000,100000000,Marcos,Mun
102814000,102800000,100000000,Nueva Era,Mun
102815000,102800000,100000000,Pagudpud,Mun
102816000,102800000,100000000,Paoay,Mun
102817000,102800000,100000000,Pasuquin,Mun
102818000,102800000,100000000,Piddig,Mun
102819000,102800000,100000000,Pinili,Mun
102820000,102800000,100000000,San Nicolas,Mun
102821000,102800000,100000000,Sarrat,Mun
102822000,102800000,100000000,Solsona,Mun
102823000,102800000,100000000,Vintar,Mun
102901000,102900000,100000000,Alilem,Mun
102902000,102900000,100000000,Banayoyo,Mun
102903000,102900000,100000000,Bantay,Mun
102904000,102900000,100000000,Burgos,Mun
102905000,102900000,100000000,Cabugao,Mun
102907000,102900000,100000000,Caoayan,Mun
102908000,102900000,100000000,Cervantes,Mun
102906000,102900000,100000000,City of Candon,City
102934000,102900000,100000000,City of Vigan,City
102909000,102900000,100000000,Galimuyod,Mun
102910000,102900000,100000000,Gregorio del Pilar,Mun
102911000,102900000,100000000,Lidlidda,Mun
102912000,102900000,100000000,Magsingal,Mun
102913000,102900000,100000000,Nagbukel,Mun
102914000,102900000,100000000,Narvacan,Mun
102915000,102900000,100000000,Quirino,Mun
102916000,102900000,100000000,Salcedo,Mun
102917000,102900000,100000000,San Emilio,Mun
102918000,102900000,100000000,San Esteban,Mun
102919000,102900000,100000000,San Ildefonso,Mun
102920000,102900000,100000000,San Juan,Mun
102921000,102900000,100000000,San Vicente,Mun
102922000,102900000,100000000,Santa,Mun
102923000,102900000,100000000,Santa Catalina,Mun
102924000,102900000,100000000,Santa Cruz,Mun
102925000,102900000,100000000,Santa Lucia,Mun
102926000,102900000,100000000,Santa Maria,Mun
102927000,102900000,100000000,Santiago,Mun
102928000,102900000,100000000,Santo Domingo,Mun
102929000,102900000,100000000,Sigay,Mun
102930000,102900000,100000000,Sinait,Mun
102931000,102900000,100000000,Sugpon,Mun
102932000,102900000,100000000,Suyo,Mun
102933000,102900000,100000000,Tagudin,Mun
603001000,603000000,600000000,Ajuy,Mun
603002000,603000000,600000000,Alimodian,Mun
603003000,603000000,600000000,Anilao,Mun
603004000,603000000,600000000,Badiangan,Mun
603005000,603000000,600000000,Balasan,Mun
603006000,603000000,600000000,Banate,Mun
603007000,603000000,600000000,Barotac Nuevo,Mun
603008000,603000000,600000000,Barotac Viejo,Mun
603009000,603000000,600000000,Batad,Mun
603010000,603000000,600000000,Bingawan,Mun
603012000,603000000,600000000,Cabatuan,Mun
603013000,603000000,600000000,Calinog,Mun
603014000,603000000,600000000,Carles,Mun
631000000,631000000,600000000,City of Iloilo,City
603035000,603000000,600000000,City of Passi,City
603015000,603000000,600000000,Concepcion,Mun
603016000,603000000,600000000,Dingle,Mun
603017000,603000000,600000000,Due?s,Mun
603018000,603000000,600000000,Dumangas,Mun
603019000,603000000,600000000,Estancia,Mun
603020000,603000000,600000000,Guimbal,Mun
603021000,603000000,600000000,Igbaras,Mun
603023000,603000000,600000000,Janiuay,Mun
603025000,603000000,600000000,Lambunao,Mun
603026000,603000000,600000000,Leganes,Mun
603027000,603000000,600000000,Lemery,Mun
603028000,603000000,600000000,Leon,Mun
603029000,603000000,600000000,Maasin,Mun
603030000,603000000,600000000,Miagao,Mun
603031000,603000000,600000000,Mina,Mun
603032000,603000000,600000000,New Lucena,Mun
603034000,603000000,600000000,Oton,Mun
603036000,603000000,600000000,Pavia,Mun
603037000,603000000,600000000,Pototan,Mun
603038000,603000000,600000000,San Dionisio,Mun
603039000,603000000,600000000,San Enrique,Mun
603040000,603000000,600000000,San Joaquin,Mun
603041000,603000000,600000000,San Miguel,Mun
603042000,603000000,600000000,San Rafael,Mun
603043000,603000000,600000000,Santa Barbara,Mun
603044000,603000000,600000000,Sara,Mun
603045000,603000000,600000000,Tigbauan,Mun
603046000,603000000,600000000,Tubungan,Mun
603047000,603000000,600000000,Zarraga,Mun
203101000,203100000,200000000,Alicia,Mun
203102000,203100000,200000000,Angadanan,Mun
203103000,203100000,200000000,Aurora,Mun
203104000,203100000,200000000,Benito Soliven,Mun
203105000,203100000,200000000,Burgos,Mun
203106000,203100000,200000000,Cabagan,Mun
203107000,203100000,200000000,Cabatuan,Mun
203108000,203100000,200000000,City of Cauayan,City
203135000,203100000,200000000,City of Santiago,City
203109000,203100000,200000000,Cordon,Mun
203118000,203100000,200000000,Delfin Albano,Mun
203110000,203100000,200000000,Dinapigue,Mun
203111000,203100000,200000000,Divilacan,Mun
203112000,203100000,200000000,Echague,Mun
203113000,203100000,200000000,Gamu,Mun
203115000,203100000,200000000,Jones,Mun
203116000,203100000,200000000,Luna,Mun
203117000,203100000,200000000,Maconacon,Mun
203119000,203100000,200000000,Mallig,Mun
203120000,203100000,200000000,Naguilian,Mun
203121000,203100000,200000000,Palanan,Mun
203122000,203100000,200000000,Quezon,Mun
203123000,203100000,200000000,Quirino,Mun
203124000,203100000,200000000,Ramon,Mun
203125000,203100000,200000000,Reina Mercedes,Mun
203126000,203100000,200000000,Roxas,Mun
203127000,203100000,200000000,San Agustin,Mun
203128000,203100000,200000000,San Guillermo,Mun
203129000,203100000,200000000,San Isidro,Mun
203130000,203100000,200000000,San Manuel,Mun
203131000,203100000,200000000,San Mariano,Mun
203133000,203100000,200000000,San Pablo,Mun
203134000,203100000,200000000,Santa Maria,Mun
203136000,203100000,200000000,Santo Tomas,Mun
203137000,203100000,200000000,Tumauini,Mun
1403201000,1403200000,1400000000,Balbalan,Mun
1403206000,1403200000,1400000000,Lubuagan,Mun
1403208000,1403200000,1400000000,Pasil,Mun
1403209000,1403200000,1400000000,Pinukpuk,Mun
1403211000,1403200000,1400000000,Rizal,Mun
1403214000,1403200000,1400000000,Tanudan,Mun
1403215000,1403200000,1400000000,Tinglayan,Mun
103301000,103300000,100000000,Agoo,Mun
103302000,103300000,100000000,Aringay,Mun
103303000,103300000,100000000,Bacnotan,Mun
103304000,103300000,100000000,Bagulin,Mun
103305000,103300000,100000000,Balaoan,Mun
103306000,103300000,100000000,Bangar,Mun
103307000,103300000,100000000,Bauang,Mun
103308000,103300000,100000000,Burgos,Mun
103309000,103300000,100000000,Caba,Mun
103314000,103300000,100000000,City of San Fernando,City
103310000,103300000,100000000,Luna,Mun
103311000,103300000,100000000,Naguilian,Mun
103312000,103300000,100000000,Pugo,Mun
103313000,103300000,100000000,Rosario,Mun
103315000,103300000,100000000,San Gabriel,Mun
103316000,103300000,100000000,San Juan,Mun
103317000,103300000,100000000,Santo Tomas,Mun
103318000,103300000,100000000,Santol,Mun
103319000,103300000,100000000,Sudipen,Mun
103320000,103300000,100000000,Tubao,Mun
403401000,403400000,400000000,Alaminos,Mun
403402000,403400000,400000000,Bay,Mun
403406000,403400000,400000000,Calauan,Mun
403407000,403400000,400000000,Cavinti,Mun
403405000,403400000,400000000,City of Calamba,City
403424000,403400000,400000000,City of San Pablo,City
403408000,403400000,400000000,Famy,Mun
403409000,403400000,400000000,Kalayaan,Mun
403410000,403400000,400000000,Liliw,Mun
403411000,403400000,400000000,Los Ba?s,Mun
403412000,403400000,400000000,Luisiana,Mun
403413000,403400000,400000000,Lumban,Mun
403414000,403400000,400000000,Mabitac,Mun
403415000,403400000,400000000,Magdalena,Mun
403416000,403400000,400000000,Majayjay,Mun
403417000,403400000,400000000,Nagcarlan,Mun
403418000,403400000,400000000,Paete,Mun
403419000,403400000,400000000,Pagsanjan,Mun
403420000,403400000,400000000,Pakil,Mun
403421000,403400000,400000000,Pangil,Mun
403422000,403400000,400000000,Pila,Mun
403423000,403400000,400000000,Rizal,Mun
403426000,403400000,400000000,Santa Cruz,Mun
403427000,403400000,400000000,Santa Maria,Mun
403429000,403400000,400000000,Siniloan,Mun
403430000,403400000,400000000,Victoria,Mun
1003501000,1003500000,1000000000,Bacolod,Mun
1003502000,1003500000,1000000000,Baloi,Mun
1003503000,1003500000,1000000000,Baroy,Mun
1030900000,1030900000,1000000000,City of Iligan,City
1003505000,1003500000,1000000000,Kapatagan,Mun
1003507000,1003500000,1000000000,Kauswagan,Mun
1003508000,1003500000,1000000000,Kolambugan,Mun
1003509000,1003500000,1000000000,Lala,Mun
1003510000,1003500000,1000000000,Linamon,Mun
1003511000,1003500000,1000000000,Magsaysay,Mun
1003512000,1003500000,1000000000,Maigo,Mun
1003514000,1003500000,1000000000,Munai,Mun
1003515000,1003500000,1000000000,Nunungan,Mun
1003519000,1003500000,1000000000,Sapad,Mun
1003520000,1003500000,1000000000,Tagoloan,Mun
1003521000,1003500000,1000000000,Tangcal,Mun
1003522000,1003500000,1000000000,Tubod,Mun
1903602000,1903600000,1900000000,Balabagan,Mun
1903633000,1903600000,1900000000,Buadiposo-Buntong,Mun
1903606000,1903600000,1900000000,Bubong,Mun
1903637000,1903600000,1900000000,Amai Manabilang,Mun
1903607000,1903600000,1900000000,Butig,Mun
1903617000,1903600000,1900000000,City of Marawi,City
1903624000,1903600000,1900000000,Ditsaan-Ramain,Mun
1903610000,1903600000,1900000000,Kapai,Mun
1903639000,1903600000,1900000000,Kapatagan,Mun
1903611000,1903600000,1900000000,Lumba-Bayabao,Mun
1903641000,1903600000,1900000000,Lumbaca-Unayan,Mun
1903612000,1903600000,1900000000,Lumbatan,Mun
1903636000,1903600000,1900000000,Lumbayanague,Mun
1903613000,1903600000,1900000000,Madalum,Mun
1903614000,1903600000,1900000000,Madamba,Mun
1903615000,1903600000,1900000000,Malabang,Mun
1903616000,1903600000,1900000000,Marantao,Mun
1903631000,1903600000,1900000000,Marogong,Mun
1903618000,1903600000,1900000000,Masiu,Mun
1903619000,1903600000,1900000000,Mulondo,Mun
1903621000,1903600000,1900000000,Piagapo,Mun
1903635000,1903600000,1900000000,Picong,Mun
1903622000,1903600000,1900000000,Poona Bayabao,Mun
1903640000,1903600000,1900000000,Sultan Dumalondong,Mun
1903626000,1903600000,1900000000,Tamparan,Mun
1903627000,1903600000,1900000000,Taraka,Mun
1903628000,1903600000,1900000000,Tubaran,Mun
1903630000,1903600000,1900000000,Wao,Mun
803701000,803700000,800000000,Abuyog,Mun
803702000,803700000,800000000,Alangalang,Mun
803703000,803700000,800000000,Albuera,Mun
803705000,803700000,800000000,Babatngon,Mun
803706000,803700000,800000000,Barugo,Mun
803707000,803700000,800000000,Bato,Mun
803710000,803700000,800000000,Burauen,Mun
803713000,803700000,800000000,Calubian,Mun
803714000,803700000,800000000,Capoocan,Mun
803715000,803700000,800000000,Carigara,Mun
831600000,831600000,800000000,City of Tacloban,City
803717000,803700000,800000000,Dagami,Mun
803718000,803700000,800000000,Dulag,Mun
803719000,803700000,800000000,Hilongos,Mun
803720000,803700000,800000000,Hindang,Mun
803721000,803700000,800000000,Inopacan,Mun
803723000,803700000,800000000,Jaro,Mun
803724000,803700000,800000000,Javier,Mun
803725000,803700000,800000000,Julita,Mun
803726000,803700000,800000000,Kananga,Mun
803728000,803700000,800000000,La Paz,Mun
803729000,803700000,800000000,Leyte,Mun
803730000,803700000,800000000,Macarthur,Mun
803731000,803700000,800000000,Mahaplag,Mun
803733000,803700000,800000000,Matag-Ob,Mun
803734000,803700000,800000000,Matalom,Mun
803735000,803700000,800000000,Mayorga,Mun
803736000,803700000,800000000,Merida,Mun
803738000,803700000,800000000,Ormoc City,City
803739000,803700000,800000000,Palo,Mun
803740000,803700000,800000000,Palompon,Mun
803741000,803700000,800000000,Pastrana,Mun
803743000,803700000,800000000,San Miguel,Mun
803744000,803700000,800000000,Santa Fe,Mun
803745000,803700000,800000000,Tabango,Mun
803746000,803700000,800000000,Tabontabon,Mun
803748000,803700000,800000000,Tanauan,Mun
803749000,803700000,800000000,Tolosa,Mun
803750000,803700000,800000000,Tunga,Mun
803751000,803700000,800000000,Villaba,Mun
1908702000,1908700000,1900000000,Buldon,Mun
1908703000,1908700000,1900000000,City of Cotabato,City
1908705000,1908700000,1900000000,Datu Odin Sinsuat,Mun
1908707000,1908700000,1900000000,Matanog,Mun
1908709000,1908700000,1900000000,Parang,Mun
1908713000,1908700000,1900000000,Upi,Mun
1704001000,1704000000,1700000000,Boac,Mun
1704002000,1704000000,1700000000,Buenavista,Mun
1704003000,1704000000,1700000000,Gasan,Mun
1704004000,1704000000,1700000000,Mogpog,Mun
1704005000,1704000000,1700000000,Santa Cruz,Mun
1704006000,1704000000,1700000000,Torrijos,Mun
504101000,504100000,500000000,Aroroy,Mun
504102000,504100000,500000000,Baleno,Mun
504103000,504100000,500000000,Balud,Mun
504104000,504100000,500000000,Batuan,Mun
504105000,504100000,500000000,Cataingan,Mun
504106000,504100000,500000000,Cawayan,Mun
504111000,504100000,500000000,City of Masbate,City
504107000,504100000,500000000,Claveria,Mun
504108000,504100000,500000000,Dimasalang,Mun
504109000,504100000,500000000,Esperanza,Mun
504110000,504100000,500000000,Mandaon,Mun
504112000,504100000,500000000,Milagros,Mun
504113000,504100000,500000000,Mobo,Mun
504114000,504100000,500000000,Monreal,Mun
504115000,504100000,500000000,Palanas,Mun
504117000,504100000,500000000,Placer,Mun
504118000,504100000,500000000,San Fernando,Mun
504119000,504100000,500000000,San Jacinto,Mun
504120000,504100000,500000000,San Pascual,Mun
504121000,504100000,500000000,Uson,Mun
1004201000,1004200000,1000000000,Aloran,Mun
1004202000,1004200000,1000000000,Baliangao,Mun
1004203000,1004200000,1000000000,Bonifacio,Mun
1004204000,1004200000,1000000000,Calamba,Mun
1004209000,1004200000,1000000000,City of Oroquieta,City
1004210000,1004200000,1000000000,City of Ozamiz,City
1004215000,1004200000,1000000000,City of Tangub,City
1004205000,1004200000,1000000000,Clarin,Mun
1004206000,1004200000,1000000000,Concepcion,Mun
1004207000,1004200000,1000000000,Jimenez,Mun
1004208000,1004200000,1000000000,Lopez Jaena,Mun
1004211000,1004200000,1000000000,Panaon,Mun
1004212000,1004200000,1000000000,Plaridel,Mun
1004213000,1004200000,1000000000,Sapang Dalaga,Mun
1004214000,1004200000,1000000000,Sinacaban,Mun
1004216000,1004200000,1000000000,Tudela,Mun
1004301000,1004300000,1000000000,Alubijid,Mun
1004302000,1004300000,1000000000,Balingasag,Mun
1004303000,1004300000,1000000000,Balingoan,Mun
1030500000,1030500000,1000000000,City of Cagayan De Oro,City
1004308000,1004300000,1000000000,City of Gingoog,City
1004306000,1004300000,1000000000,Claveria,Mun
1004309000,1004300000,1000000000,Gitagum,Mun
1004310000,1004300000,1000000000,Initao,Mun
1004311000,1004300000,1000000000,Jasaan,Mun
1004312000,1004300000,1000000000,Kinoguitan,Mun
1004313000,1004300000,1000000000,Lagonglong,Mun
1004314000,1004300000,1000000000,Laguindingan,Mun
1004315000,1004300000,1000000000,Libertad,Mun
1004316000,1004300000,1000000000,Lugait,Mun
1004317000,1004300000,1000000000,Magsaysay,Mun
1004318000,1004300000,1000000000,Manticao,Mun
1004319000,1004300000,1000000000,Medina,Mun
1004320000,1004300000,1000000000,Naawan,Mun
1004321000,1004300000,1000000000,Opol,Mun
1004322000,1004300000,1000000000,Salay,Mun
1004323000,1004300000,1000000000,Sugbongcogon,Mun
1004324000,1004300000,1000000000,Tagoloan,Mun
1004325000,1004300000,1000000000,Talisayan,Mun
1004326000,1004300000,1000000000,Villanueva,Mun
1404401000,1404400000,1400000000,Barlig,Mun
1404402000,1404400000,1400000000,Bauko,Mun
1404403000,1404400000,1400000000,Besao,Mun
1404404000,1404400000,1400000000,Bontoc,Mun
1404405000,1404400000,1400000000,Natonin,Mun
1404406000,1404400000,1400000000,Paracelis,Mun
1404407000,1404400000,1400000000,Sabangan,Mun
1404408000,1404400000,1400000000,Sadanga,Mun
1404409000,1404400000,1400000000,Sagada,Mun
1404410000,1404400000,1400000000,Tadian,Mun
604503000,604500000,600000000,Binalbagan,Mun
604505000,604500000,600000000,Calatrava,Mun
604506000,604500000,600000000,Candoni,Mun
604507000,604500000,600000000,Cauayan,Mun
630200000,630200000,600000000,City of Bacolod,City
604502000,604500000,600000000,City of Bago,City
604504000,604500000,600000000,City of Cadiz,City
604509000,604500000,600000000,City of Escalante,City
604510000,604500000,600000000,City of Himamaylan,City
604515000,604500000,600000000,City of Kabankalan,City
604516000,604500000,600000000,City of La Carlota,City
604523000,604500000,600000000,City of Sagay,City
604524000,604500000,600000000,City of San Carlos,City
604526000,604500000,600000000,City of Silay,City
604527000,604500000,600000000,City of Sipalay,City
604528000,604500000,600000000,City of Talisay,City
604531000,604500000,600000000,City of Victorias,City
604508000,604500000,600000000,Enrique B. Magalona,Mun
604511000,604500000,600000000,Hinigaran,Mun
604512000,604500000,600000000,Hinoba-an,Mun
604513000,604500000,600000000,Ilog,Mun
604514000,604500000,600000000,Isabela,Mun
604517000,604500000,600000000,La Castellana,Mun
604518000,604500000,600000000,Manapla,Mun
604519000,604500000,600000000,Moises Padilla,Mun
604520000,604500000,600000000,Murcia,Mun
604521000,604500000,600000000,Pontevedra,Mun
604522000,604500000,600000000,Pulupandan,Mun
604532000,604500000,600000000,Salvador Benedicto,Mun
604525000,604500000,600000000,San Enrique,Mun
604529000,604500000,600000000,Toboso,Mun
604530000,604500000,600000000,Valladolid,Mun
704601000,704600000,700000000,Amlan,Mun
704602000,704600000,700000000,Ayungon,Mun
704603000,704600000,700000000,Bacong,Mun
704605000,704600000,700000000,Basay,Mun
704607000,704600000,700000000,Bindoy,Mun
704604000,704600000,700000000,City of Bais,City
704606000,704600000,700000000,City of Bayawan,City
704608000,704600000,700000000,City of Canlaon,City
704610000,704600000,700000000,City of Dumaguete,City
704609000,704600000,700000000,Dauin,Mun
704612000,704600000,700000000,Jimalalud,Mun
704613000,704600000,700000000,La Libertad,Mun
704614000,704600000,700000000,Mabinay,Mun
704615000,704600000,700000000,Manjuyod,Mun
704616000,704600000,700000000,Pamplona,Mun
704617000,704600000,700000000,San Jose,Mun
704618000,704600000,700000000,Santa Catalina,Mun
704619000,704600000,700000000,Siaton,Mun
704620000,704600000,700000000,Sibulan,Mun
704622000,704600000,700000000,Tayasan,Mun
704623000,704600000,700000000,Valencia,Mun
704624000,704600000,700000000,Vallehermoso,Mun
704625000,704600000,700000000,Zamboanguita,Mun
804801000,804800000,800000000,Allen,Mun
804802000,804800000,800000000,Biri,Mun
804803000,804800000,800000000,Bobon,Mun
804804000,804800000,800000000,Capul,Mun
804805000,804800000,800000000,Catarman,Mun
804806000,804800000,800000000,Catubig,Mun
804807000,804800000,800000000,Gamay,Mun
804808000,804800000,800000000,Laoang,Mun
804809000,804800000,800000000,Lapinig,Mun
804810000,804800000,800000000,Las Navas,Mun
804811000,804800000,800000000,Lavezares,Mun
804824000,804800000,800000000,Lope De Vega,Mun
804812000,804800000,800000000,Mapanas,Mun
804813000,804800000,800000000,Mondragon,Mun
804814000,804800000,800000000,Palapag,Mun
804815000,804800000,800000000,Pambujan,Mun
804816000,804800000,800000000,Rosario,Mun
804817000,804800000,800000000,San Antonio,Mun
804818000,804800000,800000000,San Isidro,Mun
804819000,804800000,800000000,San Jose,Mun
804820000,804800000,800000000,San Roque,Mun
804821000,804800000,800000000,San Vicente,Mun
804822000,804800000,800000000,Silvino Lobos,Mun
804823000,804800000,800000000,Victoria,Mun
304901000,304900000,300000000,Aliaga,Mun
304902000,304900000,300000000,Bongabon,Mun
304904000,304900000,300000000,Cabiao,Mun
304905000,304900000,300000000,Carranglan,Mun
304903000,304900000,300000000,City of Cabanatuan,City
304908000,304900000,300000000,City of Gapan,City
304919000,304900000,300000000,City of Palayan,City
304906000,304900000,300000000,Cuyapo,Mun
304907000,304900000,300000000,Gabaldon,Mun
304909000,304900000,300000000,General Mamerto Natividad,Mun
304910000,304900000,300000000,General Tinio,Mun
304911000,304900000,300000000,Guimba,Mun
304912000,304900000,300000000,Jaen,Mun
304913000,304900000,300000000,Laur,Mun
304914000,304900000,300000000,Licab,Mun
304915000,304900000,300000000,Llanera,Mun
304916000,304900000,300000000,Lupao,Mun
304918000,304900000,300000000,Nampicuan,Mun
304920000,304900000,300000000,Pantabangan,Mun
304921000,304900000,300000000,Pe?randa,Mun
304922000,304900000,300000000,Quezon,Mun
304923000,304900000,300000000,Rizal,Mun
304924000,304900000,300000000,San Antonio,Mun
304925000,304900000,300000000,San Isidro,Mun
304926000,304900000,300000000,San Jose City,City
304927000,304900000,300000000,San Leonardo,Mun
304928000,304900000,300000000,Santa Rosa,Mun
304929000,304900000,300000000,Santo Domingo,Mun
304917000,304900000,300000000,Science City of Mu?z,City
304930000,304900000,300000000,Talavera,Mun
304931000,304900000,300000000,Talugtug,Mun
304932000,304900000,300000000,Zaragoza,Mun
205015000,205000000,200000000,Alfonso Castaneda,Mun
205001000,205000000,200000000,Ambaguio,Mun
205002000,205000000,200000000,Aritao,Mun
205003000,205000000,200000000,Bagabag,Mun
205004000,205000000,200000000,Bambang,Mun
205005000,205000000,200000000,Bayombong,Mun
205006000,205000000,200000000,Diadi,Mun
205007000,205000000,200000000,Dupax del Norte,Mun
205008000,205000000,200000000,Dupax del Sur,Mun
205009000,205000000,200000000,Kasibu,Mun
205010000,205000000,200000000,Kayapa,Mun
205011000,205000000,200000000,Quezon,Mun
205012000,205000000,200000000,Santa Fe,Mun
205013000,205000000,200000000,Solano,Mun
205014000,205000000,200000000,Villaverde,Mun
1705101000,1705100000,1700000000,Abra De Ilog,Mun
1705102000,1705100000,1700000000,Calintaan,Mun
1705103000,1705100000,1700000000,Looc,Mun
1705104000,1705100000,1700000000,Lubang,Mun
1705105000,1705100000,1700000000,Magsaysay,Mun
1705106000,1705100000,1700000000,Mamburao,Mun
1705107000,1705100000,1700000000,Paluan,Mun
1705108000,1705100000,1700000000,Rizal,Mun
1705109000,1705100000,1700000000,Sablayan,Mun
1705110000,1705100000,1700000000,San Jose,Mun
1705111000,1705100000,1700000000,Santa Cruz,Mun
1705201000,1705200000,1700000000,Baco,Mun
1705202000,1705200000,1700000000,Bansud,Mun
1705203000,1705200000,1700000000,Bongabong,Mun
1705204000,1705200000,1700000000,Bulalacao,Mun
1705205000,1705200000,1700000000,City of Calapan,City
1705206000,1705200000,1700000000,Gloria,Mun
1705207000,1705200000,1700000000,Mansalay,Mun
1705208000,1705200000,1700000000,Naujan,Mun
1705209000,1705200000,1700000000,Pinamalayan,Mun
1705210000,1705200000,1700000000,Pola,Mun
1705211000,1705200000,1700000000,Puerto Galera,Mun
1705212000,1705200000,1700000000,Roxas,Mun
1705213000,1705200000,1700000000,San Teodoro,Mun
1705214000,1705200000,1700000000,Socorro,Mun
1705215000,1705200000,1700000000,Victoria,Mun
1705301000,1705300000,1700000000,Aborlan,Mun
1705302000,1705300000,1700000000,Agutaya,Mun
1705303000,1705300000,1700000000,Araceli,Mun
1705304000,1705300000,1700000000,Balabac,Mun
1705305000,1705300000,1700000000,Bataraza,Mun
1705306000,1705300000,1700000000,Brooke'S Point,Mun
1705307000,1705300000,1700000000,Busuanga,Mun
1705308000,1705300000,1700000000,Cagayancillo,Mun
1705309000,1705300000,1700000000,Coron,Mun
1705322000,1705300000,1700000000,Culion,Mun
1705310000,1705300000,1700000000,Cuyo,Mun
1705311000,1705300000,1700000000,Dumaran,Mun
1705312000,1705300000,1700000000,El Nido,Mun
1705321000,1705300000,1700000000,Kalayaan,Mun
1705313000,1705300000,1700000000,Linapacan,Mun
1705314000,1705300000,1700000000,Magsaysay,Mun
1705315000,1705300000,1700000000,Narra,Mun
1705317000,1705300000,1700000000,Quezon,Mun
1705323000,1705300000,1700000000,Rizal,Mun
1705318000,1705300000,1700000000,Roxas,Mun
1705319000,1705300000,1700000000,San Vicente,Mun
1705324000,1705300000,1700000000,Sofronio Espa?la,Mun
1705320000,1705300000,1700000000,Taytay,Mun
305402000,305400000,300000000,Apalit,Mun
305403000,305400000,300000000,Arayat,Mun
305404000,305400000,300000000,Bacolor,Mun
305405000,305400000,300000000,Candaba,Mun
330100000,330100000,300000000,City of Angeles,City
305416000,305400000,300000000,City of San Fernando,City
305406000,305400000,300000000,Floridablanca,Mun
305407000,305400000,300000000,Guagua,Mun
305408000,305400000,300000000,Lubao,Mun
305410000,305400000,300000000,Macabebe,Mun
305411000,305400000,300000000,Magalang,Mun
305412000,305400000,300000000,Masantol,Mun
305413000,305400000,300000000,Mexico,Mun
305414000,305400000,300000000,Minalin,Mun
305415000,305400000,300000000,Porac,Mun
305417000,305400000,300000000,San Luis,Mun
305418000,305400000,300000000,San Simon,Mun
305419000,305400000,300000000,Santa Ana,Mun
305420000,305400000,300000000,Santa Rita,Mun
305422000,305400000,300000000,Sasmuan,Mun
105501000,105500000,100000000,Agno,Mun
105502000,105500000,100000000,Aguilar,Mun
105504000,105500000,100000000,Alcala,Mun
105505000,105500000,100000000,Anda,Mun
105506000,105500000,100000000,Asingan,Mun
105507000,105500000,100000000,Balungao,Mun
105508000,105500000,100000000,Bani,Mun
105509000,105500000,100000000,Basista,Mun
105510000,105500000,100000000,Bautista,Mun
105511000,105500000,100000000,Bayambang,Mun
105512000,105500000,100000000,Binalonan,Mun
105513000,105500000,100000000,Binmaley,Mun
105515000,105500000,100000000,Bugallon,Mun
105516000,105500000,100000000,Burgos,Mun
105517000,105500000,100000000,Calasiao,Mun
105503000,105500000,100000000,City of Alaminos,City
105518000,105500000,100000000,City of Dagupan,City
105532000,105500000,100000000,City of San Carlos,City
105546000,105500000,100000000,City of Urdaneta,City
105519000,105500000,100000000,Dasol,Mun
105520000,105500000,100000000,Infanta,Mun
105521000,105500000,100000000,Labrador,Mun
105548000,105500000,100000000,Laoac,Mun
105522000,105500000,100000000,Lingayen,Mun
105523000,105500000,100000000,Mabini,Mun
105524000,105500000,100000000,Malasiqui,Mun
105525000,105500000,100000000,Manaoag,Mun
105526000,105500000,100000000,Mangaldan,Mun
105527000,105500000,100000000,Mangatarem,Mun
105528000,105500000,100000000,Mapandan,Mun
105529000,105500000,100000000,Natividad,Mun
105530000,105500000,100000000,Pozorrubio,Mun
105531000,105500000,100000000,Rosales,Mun
105533000,105500000,100000000,San Fabian,Mun
105534000,105500000,100000000,San Jacinto,Mun
105535000,105500000,100000000,San Manuel,Mun
105536000,105500000,100000000,San Nicolas,Mun
105537000,105500000,100000000,San Quintin,Mun
105538000,105500000,100000000,Santa Barbara,Mun
105539000,105500000,100000000,Santa Maria,Mun
105540000,105500000,100000000,Santo Tomas,Mun
105541000,105500000,100000000,Sison,Mun
105542000,105500000,100000000,Sual,Mun
105543000,105500000,100000000,Tayug,Mun
105544000,105500000,100000000,Umingan,Mun
105545000,105500000,100000000,Urbiztondo,Mun
105547000,105500000,100000000,Villasis,Mun
405601000,405600000,400000000,Agdangan,Mun
405602000,405600000,400000000,Alabat,Mun
405603000,405600000,400000000,Atimonan,Mun
405605000,405600000,400000000,Buenavista,Mun
405606000,405600000,400000000,Burdeos,Mun
405607000,405600000,400000000,Calauag,Mun
405608000,405600000,400000000,Candelaria,Mun
405610000,405600000,400000000,Catanauan,Mun
431200000,431200000,400000000,City of Lucena,City
405615000,405600000,400000000,Dolores,Mun
405616000,405600000,400000000,General Luna,Mun
405617000,405600000,400000000,General Nakar,Mun
405618000,405600000,400000000,Guinayangan,Mun
405619000,405600000,400000000,Gumaca,Mun
405620000,405600000,400000000,Infanta,Mun
405621000,405600000,400000000,Jomalig,Mun
405622000,405600000,400000000,Lopez,Mun
405623000,405600000,400000000,Lucban,Mun
405625000,405600000,400000000,Macalelon,Mun
405627000,405600000,400000000,Mauban,Mun
405628000,405600000,400000000,Mulanay,Mun
405629000,405600000,400000000,Padre Burgos,Mun
405630000,405600000,400000000,Pagbilao,Mun
405631000,405600000,400000000,Panukulan,Mun
405633000,405600000,400000000,Perez,Mun
405634000,405600000,400000000,Pitogo,Mun
405635000,405600000,400000000,Plaridel,Mun
405636000,405600000,400000000,Polillo,Mun
405637000,405600000,400000000,Quezon,Mun
405638000,405600000,400000000,Real,Mun
405639000,405600000,400000000,Sampaloc,Mun
405640000,405600000,400000000,San Andres,Mun
405641000,405600000,400000000,San Antonio,Mun
405642000,405600000,400000000,San Francisco,Mun
405644000,405600000,400000000,San Narciso,Mun
405645000,405600000,400000000,Sariaya,Mun
405646000,405600000,400000000,Tagkawayan,Mun
405648000,405600000,400000000,Tiaong,Mun
405649000,405600000,400000000,Unisan,Mun
205701000,205700000,200000000,Aglipay,Mun
205702000,205700000,200000000,Cabarroguis,Mun
205703000,205700000,200000000,Diffun,Mun
205704000,205700000,200000000,Maddela,Mun
205706000,205700000,200000000,Nagtipunan,Mun
205705000,205700000,200000000,Saguday,Mun
405801000,405800000,400000000,Angono,Mun
405803000,405800000,400000000,Baras,Mun
405804000,405800000,400000000,Binangonan,Mun
405805000,405800000,400000000,Cainta,Mun
405806000,405800000,400000000,Cardona,Mun
405802000,405800000,400000000,City of Antipolo,City
405807000,405800000,400000000,Jala-Jala,Mun
405809000,405800000,400000000,Morong,Mun
405810000,405800000,400000000,Pililla,Mun
405808000,405800000,400000000,Rodriguez,Mun
405811000,405800000,400000000,San Mateo,Mun
405812000,405800000,400000000,Tanay,Mun
405813000,405800000,400000000,Taytay,Mun
405814000,405800000,400000000,Teresa,Mun
1705901000,1705900000,1700000000,Alcantara,Mun
1705902000,1705900000,1700000000,Banton,Mun
1705903000,1705900000,1700000000,Cajidiocan,Mun
1705904000,1705900000,1700000000,Calatrava,Mun
1705906000,1705900000,1700000000,Corcuera,Mun
1705916000,1705900000,1700000000,Ferrol,Mun
1705907000,1705900000,1700000000,Looc,Mun
1705908000,1705900000,1700000000,Magdiwang,Mun
1705909000,1705900000,1700000000,Odiongan,Mun
1705910000,1705900000,1700000000,Romblon,Mun
1705911000,1705900000,1700000000,San Agustin,Mun
1705912000,1705900000,1700000000,San Andres,Mun
1705913000,1705900000,1700000000,San Fernando,Mun
1705914000,1705900000,1700000000,San Jose,Mun
1705915000,1705900000,1700000000,Santa Fe,Mun
1705917000,1705900000,1700000000,Santa Maria,Mun
806001000,806000000,800000000,Almagro,Mun
806002000,806000000,800000000,Basey,Mun
806004000,806000000,800000000,Calbiga,Mun
806003000,806000000,800000000,City of Calbayog,City
806006000,806000000,800000000,Daram,Mun
806007000,806000000,800000000,Gandara,Mun
806008000,806000000,800000000,Hinabangan,Mun
806009000,806000000,800000000,Jiabong,Mun
806010000,806000000,800000000,Marabut,Mun
806012000,806000000,800000000,Motiong,Mun
806026000,806000000,800000000,Pagsanghan,Mun
806022000,806000000,800000000,Paranas,Mun
806013000,806000000,800000000,Pinabacdao,Mun
806025000,806000000,800000000,San Jorge,Mun
806014000,806000000,800000000,San Jose De Buan,Mun
806015000,806000000,800000000,San Sebastian,Mun
806016000,806000000,800000000,Santa Margarita,Mun
806017000,806000000,800000000,Santa Rita,Mun
806024000,806000000,800000000,Tagapul-An,Mun
806019000,806000000,800000000,Talalora,Mun
806020000,806000000,800000000,Tarangnan,Mun
806021000,806000000,800000000,Villareal,Mun
806023000,806000000,800000000,Zumarraga,Mun
1208001000,1208000000,1200000000,Alabel,Mun
1208002000,1208000000,1200000000,Glan,Mun
1208003000,1208000000,1200000000,Kiamba,Mun
1208004000,1208000000,1200000000,Maasim,Mun
1208005000,1208000000,1200000000,Maitum,Mun
1208006000,1208000000,1200000000,Malapatan,Mun
1208007000,1208000000,1200000000,Malungon,Mun
706101000,706100000,700000000,Enrique Villanueva,Mun
706102000,706100000,700000000,Larena,Mun
706103000,706100000,700000000,Lazi,Mun
706104000,706100000,700000000,Maria,Mun
706105000,706100000,700000000,San Juan,Mun
706106000,706100000,700000000,Siquijor,Mun
506202000,506200000,500000000,Barcelona,Mun
506203000,506200000,500000000,Bulan,Mun
506204000,506200000,500000000,Bulusan,Mun
506205000,506200000,500000000,Casiguran,Mun
506206000,506200000,500000000,Castilla,Mun
506216000,506200000,500000000,City of Sorsogon,City
506207000,506200000,500000000,Donsol,Mun
506208000,506200000,500000000,Gubat,Mun
506209000,506200000,500000000,Irosin,Mun
506210000,506200000,500000000,Juban,Mun
506211000,506200000,500000000,Magallanes,Mun
506212000,506200000,500000000,Matnog,Mun
506213000,506200000,500000000,Pilar,Mun
506214000,506200000,500000000,Prieto Diaz,Mun
506215000,506200000,500000000,Santa Magdalena,Mun
1206302000,1206300000,1200000000,Banga,Mun
1230800000,1230800000,1200000000,City of General Santos,City
1206306000,1206300000,1200000000,City of Koronadal,City
1206319000,1206300000,1200000000,Lake Sebu,Mun
1206311000,1206300000,1200000000,Norala,Mun
1206312000,1206300000,1200000000,Polomolok,Mun
1206318000,1206300000,1200000000,Santo Ni?,Mun
1206313000,1206300000,1200000000,Surallah,Mun
1206314000,1206300000,1200000000,Tampakan,Mun
1206315000,1206300000,1200000000,Tantangan,Mun
1206316000,1206300000,1200000000,T'Boli,Mun
1206317000,1206300000,1200000000,Tupi,Mun
806401000,806400000,800000000,Anahawan,Mun
806402000,806400000,800000000,Bontoc,Mun
806407000,806400000,800000000,City of Maasin,City
806403000,806400000,800000000,Hinunangan,Mun
806404000,806400000,800000000,Hinundayan,Mun
806405000,806400000,800000000,Libagon,Mun
806406000,806400000,800000000,Liloan,Mun
806419000,806400000,800000000,Limasawa,Mun
806408000,806400000,800000000,Macrohon,Mun
806409000,806400000,800000000,Malitbog,Mun
806410000,806400000,800000000,Padre Burgos,Mun
806411000,806400000,800000000,Pintuyan,Mun
806412000,806400000,800000000,Saint Bernard,Mun
806413000,806400000,800000000,San Francisco,Mun
806414000,806400000,800000000,San Juan,Mun
806415000,806400000,800000000,San Ricardo,Mun
806416000,806400000,800000000,Silago,Mun
806417000,806400000,800000000,Sogod,Mun
806418000,806400000,800000000,Tomas Oppus,Mun
1206501000,1206500000,1200000000,Bagumbayan,Mun
1206511000,1206500000,1200000000,City of Tacurong,City
1206502000,1206500000,1200000000,Columbio,Mun
1206503000,1206500000,1200000000,Esperanza,Mun
1206504000,1206500000,1200000000,Isulan,Mun
1206508000,1206500000,1200000000,Lambayong,Mun
1206506000,1206500000,1200000000,Lebak,Mun
1206507000,1206500000,1200000000,Lutayan,Mun
1206510000,1206500000,1200000000,President Quirino,Mun
1206512000,1206500000,1200000000,Sen. Ninoy Aquino,Mun
1906606000,1906600000,1900000000,Hadji Panglima Tahil,Mun
1906601000,1906600000,1900000000,Indanan,Mun
1906602000,1906600000,1900000000,Jolo,Mun
1906603000,1906600000,1900000000,Kalingalan Caluang,Mun
1906617000,1906600000,1900000000,Lugus,Mun
1906604000,1906600000,1900000000,Luuk,Mun
1906605000,1906600000,1900000000,Maimbung,Mun
1906607000,1906600000,1900000000,Old Panamao,Mun
1906618000,1906600000,1900000000,Pandami,Mun
1906616000,1906600000,1900000000,Panglima Estino,Mun
1906608000,1906600000,1900000000,Pangutaran,Mun
1906609000,1906600000,1900000000,Parang,Mun
1906611000,1906600000,1900000000,Patikul,Mun
1906612000,1906600000,1900000000,Siasi,Mun
1906613000,1906600000,1900000000,Talipao,Mun
1906614000,1906600000,1900000000,Tapul,Mun
1906615000,1906600000,1900000000,Tongkil,Mun
1606701000,1606700000,1600000000,Alegria,Mun
1606702000,1606700000,1600000000,Bacuag,Mun
1606704000,1606700000,1600000000,Burgos,Mun
1606724000,1606700000,1600000000,City of Surigao,City
1606706000,1606700000,1600000000,Claver,Mun
1606707000,1606700000,1600000000,Dapa,Mun
1606708000,1606700000,1600000000,Del Carmen,Mun
1606710000,1606700000,1600000000,General Luna,Mun
1606711000,1606700000,1600000000,Gigaquit,Mun
1606714000,1606700000,1600000000,Mainit,Mun
1606715000,1606700000,1600000000,Malimono,Mun
1606716000,1606700000,1600000000,Pilar,Mun
1606717000,1606700000,1600000000,Placer,Mun
1606718000,1606700000,1600000000,San Benito,Mun
1606719000,1606700000,1600000000,San Francisco,Mun
1606720000,1606700000,1600000000,San Isidro,Mun
1606721000,1606700000,1600000000,Santa Monica,Mun
1606722000,1606700000,1600000000,Sison,Mun
1606723000,1606700000,1600000000,Socorro,Mun
1606725000,1606700000,1600000000,Tagana-An,Mun
1606727000,1606700000,1600000000,Tubod,Mun
1606801000,1606800000,1600000000,Barobo,Mun
1606802000,1606800000,1600000000,Bayabas,Mun
1606804000,1606800000,1600000000,Cagwait,Mun
1606805000,1606800000,1600000000,Cantilan,Mun
1606806000,1606800000,1600000000,Carmen,Mun
1606807000,1606800000,1600000000,Carrascal,Mun
1606803000,1606800000,1600000000,City of Bislig,City
1606808000,1606800000,1600000000,Cortes,Mun
1606809000,1606800000,1600000000,Hinatuan,Mun
1606810000,1606800000,1600000000,Lanuza,Mun
1606811000,1606800000,1600000000,Lianga,Mun
1606812000,1606800000,1600000000,Lingig,Mun
1606813000,1606800000,1600000000,Madrid,Mun
1606814000,1606800000,1600000000,Marihatag,Mun
1606815000,1606800000,1600000000,San Agustin,Mun
1606816000,1606800000,1600000000,San Miguel,Mun
1606817000,1606800000,1600000000,Tagbina,Mun
1606818000,1606800000,1600000000,Tago,Mun
306901000,306900000,300000000,Anao,Mun
306902000,306900000,300000000,Bamban,Mun
306903000,306900000,300000000,Camiling,Mun
306904000,306900000,300000000,Capas,Mun
306916000,306900000,300000000,City of Tarlac,City
306905000,306900000,300000000,Concepcion,Mun
306906000,306900000,300000000,Gerona,Mun
306907000,306900000,300000000,La Paz,Mun
306908000,306900000,300000000,Mayantoc,Mun
306909000,306900000,300000000,Moncada,Mun
306910000,306900000,300000000,Paniqui,Mun
306911000,306900000,300000000,Pura,Mun
306912000,306900000,300000000,Ramos,Mun
306913000,306900000,300000000,San Clemente,Mun
306918000,306900000,300000000,San Jose,Mun
306914000,306900000,300000000,San Manuel,Mun
306915000,306900000,300000000,Santa Ignacia,Mun
306917000,306900000,300000000,Victoria,Mun
1907002000,1907000000,1900000000,Bongao,Mun
1907009000,1907000000,1900000000,Languyan,Mun
1907003000,1907000000,1900000000,Mapun,Mun
1907001000,1907000000,1900000000,Panglima Sugala,Mun
1907010000,1907000000,1900000000,Sapa-Sapa,Mun
1907011000,1907000000,1900000000,Sibutu,Mun
1907004000,1907000000,1900000000,Simunul,Mun
1907005000,1907000000,1900000000,Sitangkai,Mun
1907006000,1907000000,1900000000,South Ubian,Mun
1907007000,1907000000,1900000000,Tandubas,Mun
1907008000,1907000000,1900000000,Turtle Islands,Mun
307101000,307100000,300000000,Botolan,Mun
307102000,307100000,300000000,Cabangan,Mun
307103000,307100000,300000000,Candelaria,Mun
307104000,307100000,300000000,Castillejos,Mun
331400000,331400000,300000000,City of Olongapo,City
307105000,307100000,300000000,Iba,Mun
307106000,307100000,300000000,Masinloc,Mun
307108000,307100000,300000000,Palauig,Mun
307109000,307100000,300000000,San Antonio,Mun
307110000,307100000,300000000,San Felipe,Mun
307111000,307100000,300000000,San Marcelino,Mun
307112000,307100000,300000000,San Narciso,Mun
307113000,307100000,300000000,Santa Cruz,Mun
307114000,307100000,300000000,Subic,Mun
907201000,907200000,900000000,City of Dapitan,City
907202000,907200000,900000000,City of Dipolog,City
907223000,907200000,900000000,Gutalac,Mun
907222000,907200000,900000000,Jose Dalman,Mun
907203000,907200000,900000000,Katipunan,Mun
907204000,907200000,900000000,La Libertad,Mun
907205000,907200000,900000000,Labason,Mun
907206000,907200000,900000000,Liloy,Mun
907207000,907200000,900000000,Manukan,Mun
907209000,907200000,900000000,Pi?n,Mun
907210000,907200000,900000000,Polanco,Mun
907211000,907200000,900000000,Pres. Manuel A. Roxas,Mun
907212000,907200000,900000000,Rizal,Mun
907213000,907200000,900000000,Salug,Mun
907214000,907200000,900000000,Sergio Osme? Sr.,Mun
907215000,907200000,900000000,Siayan,Mun
907216000,907200000,900000000,Sibuco,Mun
907217000,907200000,900000000,Sibutad,Mun
907218000,907200000,900000000,Sindangan,Mun
907219000,907200000,900000000,Siocon,Mun
907220000,907200000,900000000,Sirawai,Mun
907221000,907200000,900000000,Tampilisan,Mun
907302000,907300000,900000000,Aurora,Mun
907303000,907300000,900000000,Bayog,Mun
907322000,907300000,900000000,City of Pagadian,City
931700000,931700000,900000000,City of Zamboanga,City
907305000,907300000,900000000,Dimataling,Mun
907306000,907300000,900000000,Dinas,Mun
907307000,907300000,900000000,Dumalinao,Mun
907308000,907300000,900000000,Dumingag,Mun
907225000,907200000,900000000,Godod,Mun
907343000,907300000,900000000,Guipos,Mun
907337000,907300000,900000000,Josefina,Mun
907227000,907200000,900000000,Kalawit,Mun
907311000,907300000,900000000,Kumalarang,Mun
907312000,907300000,900000000,Labangan,Mun
907333000,907300000,900000000,Lakewood,Mun
907313000,907300000,900000000,Lapuyan,Mun
907226000,907200000,900000000,Leon T. Postigo,Mun
907315000,907300000,900000000,Mahayag,Mun
907317000,907300000,900000000,Margosatubig,Mun
907318000,907300000,900000000,Midsalip,Mun
907319000,907300000,900000000,Molave,Mun
907338000,907300000,900000000,Pitogo,Mun
907323000,907300000,900000000,Ramon Magsaysay,Mun
907324000,907300000,900000000,San Miguel,Mun
907325000,907300000,900000000,San Pablo,Mun
907340000,907300000,900000000,Sominot,Mun
907327000,907300000,900000000,Tabina,Mun
907328000,907300000,900000000,Tambulig,Mun
907344000,907300000,900000000,Tigbao,Mun
907330000,907300000,900000000,Tukuran,Mun
907341000,907300000,900000000,Vincenzo A. Sagun,Mun
908301000,908300000,900000000,Alicia,Mun
908302000,908300000,900000000,Buug,Mun
908303000,908300000,900000000,Diplahan,Mun
908304000,908300000,900000000,Imelda,Mun
908305000,908300000,900000000,Ipil,Mun
908306000,908300000,900000000,Kabasalan,Mun
908307000,908300000,900000000,Mabuhay,Mun
908308000,908300000,900000000,Malangas,Mun
908309000,908300000,900000000,Naga,Mun
908310000,908300000,900000000,Olutanga,Mun
908311000,908300000,900000000,Payao,Mun
908312000,908300000,900000000,Roseller Lim,Mun
908313000,908300000,900000000,Siay,Mun
908314000,908300000,900000000,Talusan,Mun
908315000,908300000,900000000,Titay,Mun
908316000,908300000,900000000,Tungawan,Mun
1600203000,1600200000,1600000000,City of Cabadbaran,City
1600301000,1600300000,1600000000,City of Bayugan,City
990101000,990100000,900000000,City of Isabela,City
1900702000,1900700000,1900000000,City of Lamitan,City
401007000,401000000,400000000,City of Calaca,City
301403000,301400000,300000000,City of Baliwag,City
301412000,301400000,300000000,City of Meycauayan,City
402103000,402100000,400000000,City of Bacoor,City
402104000,402100000,400000000,City of Carmona,City
402106000,402100000,400000000,City of Dasmari?s,City
402108000,402100000,400000000,City of General Trias,City
402109000,402100000,400000000,City of Imus,City
702211000,702200000,700000000,City of Bogo,City
702214000,702200000,700000000,City of Carcar,City
702234000,702200000,700000000,City of Naga,City
1204701000,1204700000,1200000000,Alamada,Mun
1204717000,1204700000,1200000000,Aleosan,Mun
1204715000,1204700000,1200000000,Antipas,Mun
1204718000,1204700000,1200000000,Arakan,Mun
1204716000,1204700000,1200000000,Banisilan,Mun
1204702000,1204700000,1200000000,Carmen,Mun
1204704000,1204700000,1200000000,City of Kidapawan,City
1204703000,1204700000,1200000000,Kabacan,Mun
1204705000,1204700000,1200000000,Libungan,Mun
1204706000,1204700000,1200000000,Magpet,Mun
1204707000,1204700000,1200000000,Makilala,Mun
1204708000,1204700000,1200000000,Matalam,Mun
1204709000,1204700000,1200000000,Midsayap,Mun
1204710000,1204700000,1200000000,M'Lang,Mun
1204711000,1204700000,1200000000,Pigkawayan,Mun
1204712000,1204700000,1200000000,Pikit,Mun
1204713000,1204700000,1200000000,President Roxas,Mun
1204714000,1204700000,1200000000,Tulunan,Mun
1102509000,1102500000,1100000000,City of Mati,City
802604000,802600000,800000000,City of Borongan,City
102805000,102800000,100000000,City of Batac,City
203114000,203100000,200000000,City of Ilagan,City
1403213000,1403200000,1400000000,City of Tabuk,City
403403000,403400000,400000000,City of Bi?n,City
403404000,403400000,400000000,City of Cabuyao,City
403425000,403400000,400000000,City of San Pedro,City
403428000,403400000,400000000,City of Santa Rosa,City
803708000,803700000,800000000,City of Baybay,City
1908708000,1908700000,1900000000,Northern Kabuntalan,Mun
504116000,504100000,500000000,Pio V. Corpus,Mun
1004307000,1004300000,1000000000,City of El Salvador,City
704611000,704600000,700000000,City of Guihulngan,City
704621000,704600000,700000000,City of Tanjay,City
1731500000,1731500000,1700000000,City of Puerto Princesa,City
305409000,305400000,300000000,Mabalacat City,City
305421000,305400000,300000000,Sto. Tomas,Mun
405647000,405600000,400000000,City of Tayabas,City
806005000,806000000,800000000,City of Catbalogan,City
806018000,806000000,800000000,Santo Ni?,Mun
1606819000,1606800000,1600000000,City of Tandag,City
907208000,907200000,900000000,Mutia,Mun
1400125000,1400100000,1400000000,Tineg,Mun
1600305000,1600300000,1600000000,Loreto,Mun
600403000,600400000,600000000,Banga,Mun
600408000,600400000,600000000,Lezo,Mun
600413000,600400000,600000000,Malinao,Mun
1408104000,1408100000,1400000000,Kabugao,Mun
307701000,307700000,300000000,Baler,Mun
307705000,307700000,300000000,Dingalan,Mun
1900708000,1900700000,1900000000,Akbar,Mun
1900703000,1900700000,1900000000,Lantawan,Mun
1900713000,1900700000,1900000000,Tabuan-Lasa,Mun
1900711000,1900700000,1900000000,Ungkaya Pukan,Mun
701244000,701200000,700000000,Trinidad,Mun
301409000,301400000,300000000,Hagonoy,Mun
301413000,301400000,300000000,Norzagaray,Mun
201509000,201500000,200000000,Calayan,Mun
402101000,402100000,400000000,Alfonso,Mun
402110000,402100000,400000000,Indang,Mun
1102504000,1102500000,1100000000,Caraga,Mun
1102506000,1102500000,1100000000,Governor Generoso,Mun
1102507000,1102500000,1100000000,Lupon,Mun
802614000,802600000,800000000,Maslog,Mun
607904000,607900000,600000000,San Lorenzo,Mun
203132000,203100000,200000000,San Mateo,Mun
1003513000,1003500000,1000000000,Matungao,Mun
1003516000,1003500000,1000000000,Pantao Ragat,Mun
1003523000,1003500000,1000000000,Pantar,Mun
1003517000,1003500000,1000000000,Poona Piagapo,Mun
1003518000,1003500000,1000000000,Salvador,Mun
1003506000,1003500000,1000000000,Sultan Naga Dimaporo,Mun
1903601000,1903600000,1900000000,Bacolod-Kalawi,Mun
1903605000,1903600000,1900000000,Binidayan,Mun
1903623000,1903600000,1900000000,Pualas,Mun
803722000,803700000,800000000,Isabel,Mun
803742000,803700000,800000000,San Isidro,Mun
1908701000,1908700000,1900000000,Barira,Mun
1908704000,1908700000,1900000000,Datu Blah T. Sinsuat,Mun
1908706000,1908700000,1900000000,Kabuntalan,Mun
1908710000,1908700000,1900000000,Sultan Kudarat,Mun
1908711000,1908700000,1900000000,Sultan Mastura,Mun
1908801000,1908800000,1900000000,Ampatuan,Mun
1908802000,1908800000,1900000000,Buluan,Mun
1908803000,1908800000,1900000000,Datu Abdullah Sangki,Mun
1908804000,1908800000,1900000000,Datu Anggal Midtimbang,Mun
1908805000,1908800000,1900000000,Datu Hoffer Ampatuan,Mun
1908806000,1908800000,1900000000,Datu Paglas,Mun
1908807000,1908800000,1900000000,Datu Piang,Mun
1908810000,1908800000,1900000000,Datu Unsay,Mun
1908811000,1908800000,1900000000,Gen. S.K. Pendatun,Mun
1908812000,1908800000,1900000000,Guindulungan,Mun
1908813000,1908800000,1900000000,Mamasapano,Mun
1908814000,1908800000,1900000000,Mangudadatu,Mun
1908815000,1908800000,1900000000,Pagagawan,Mun
1908817000,1908800000,1900000000,Paglat,Mun
1908818000,1908800000,1900000000,Pandag,Mun
1908819000,1908800000,1900000000,Rajah Buayan,Mun
1908820000,1908800000,1900000000,Shariff Aguak,Mun
1908821000,1908800000,1900000000,Shariff Saydona Mustapha,Mun
1908822000,1908800000,1900000000,South Upi,Mun
1908823000,1908800000,1900000000,Sultan Sa Barongis,Mun
1004217000,1004200000,1000000000,Don Victoriano Chiongbian,Mun
1004304000,1004300000,1000000000,Binuangan,Mun
1380100000,1380100000,1300000000,City of Caloocan,City
1380200000,1380200000,1300000000,City of Las Pi?s,City
1380300000,1380300000,1300000000,City of Makati,City
1380400000,1380400000,1300000000,City of Malabon,City
1380500000,1380500000,1300000000,City of Mandaluyong,City
1380600000,1380600000,1300000000,City of Manila,City
1380700000,1380700000,1300000000,City of Marikina,City
1380800000,1380800000,1300000000,City of Muntinlupa,City
1380900000,1380900000,1300000000,City of Navotas,City
1381000000,1381000000,1300000000,City of Para?que,City
1381200000,1381200000,1300000000,City of Pasig,City
1381400000,1381400000,1300000000,City of San Juan,City
1381500000,1381500000,1300000000,City of Taguig,City
1381600000,1381600000,1300000000,City of Valenzuela,City
1381100000,1381100000,1300000000,Pasay City,City
1381701000,1381700000,1300000000,Pateros,Mun
1381300000,1381300000,1300000000,Quezon City,City
105514000,105500000,100000000,Bolinao,Mun
405632000,405600000,400000000,Patnanungan,Mun
1705905000,1705900000,1700000000,Concepcion,Mun
806011000,806000000,800000000,Matuguinao,Mun
1206505000,1206500000,1200000000,Kalamansig,Mun
1206509000,1206500000,1200000000,Palimbang,Mun
1906610000,1906600000,1900000000,Pata,Mun
907224000,907200000,900000000,Baliguian,Mun
1900712000,1900700000,1900000000,Hadji Muhtamad,Mun
1903634000,1903600000,1900000000,Maguing,Mun
1903620000,1903600000,1900000000,Pagayawan,Mun
1903638000,1903600000,1900000000,Tagoloan Ii,Mun
1408101000,1408100000,1400000000,Calanasan,Mun
1903603000,1903600000,1900000000,Balindong,Mun
1903625000,1903600000,1900000000,Saguiaran,Mun
1908712000,1908700000,1900000000,Talitay,Mun
1908809000,1908800000,1900000000,Datu Saudi Ampatuan,Mun
1908816000,1908800000,1900000000,Pagalungan,Mun
1908824000,1908800000,1900000000,Talayan,Mun
1906619000,1906600000,1900000000,Omar,Mun
1903604000,1903600000,1900000000,Bayang,Mun
1903632000,1903600000,1900000000,Calanogas,Mun
1903609000,1903600000,1900000000,Ganassi,Mun
1903629000,1903600000,1900000000,Tugaya,Mun
1908808000,1908800000,1900000000,Datu Salibo,Mun
1999903000,1999900000,1900000000,Midsayap Cluster I,SGU
1999901000,1999900000,1900000000,Carmen Cluster,SGU
1999907000,1999900000,1900000000,Pikit Cluster II,SGU
1999906000,1999900000,1900000000,Pikit Cluster I,SGU
1999904000,1999900000,1900000000,Midsayap Cluster II,SGU
1999902000,1999900000,1900000000,Kabacan Cluster,SGU
1999905000,1999900000,1900000000,Pigcawayan Cluster,SGU
1999908000,1999900000,1900000000,Pikit Cluster III,SGU
